﻿<MD_Metadata xmlns="http://www.isotc211.org/2005/gmd" xmlns:gco="http://www.isotc211.org/2005/gco" xmlns:gts="http://www.isotc211.org/2005/gts" xmlns:srv="http://www.isotc211.org/2005/srv" xmlns:gml="http://www.opengis.net/gml" xmlns:xlink="http://www.w3.org/1999/xlink" xmlns:xsi="http://www.w3.org/2001/XMLSchema-instance">
  <fileIdentifier>
    <gco:CharacterString>E3B87A0B-4491-4425-88B6-1C7CBAFF520A</gco:CharacterString>
  </fileIdentifier>
  <language>
    <LanguageCode codeList="http://www.loc.gov/standards/iso639-2/php/code_list.php" codeListValue="eng" codeSpace="ISO639-2">eng</LanguageCode>
  </language>
  <characterSet>
    <MD_CharacterSetCode codeList="http://www.isotc211.org/2005/resources/Codelist/gmxCodelists.xml#MD_CharacterSetCode" codeListValue="utf8" codeSpace="ISOTC211/19115">utf8</MD_CharacterSetCode>
  </characterSet>
  <hierarchyLevel>
    <MD_ScopeCode codeList="http://www.isotc211.org/2005/resources/Codelist/gmxCodelists.xml#MD_ScopeCode" codeListValue="dataset" codeSpace="ISOTC211/19115">dataset</MD_ScopeCode>
  </hierarchyLevel>
  <contact>
    <CI_ResponsibleParty>
      <organisationName>
        <gco:CharacterString>Newman Library, Baruch CUNY</gco:CharacterString>
      </organisationName>
      <positionName>
        <gco:CharacterString>Geospatial Data Librarian</gco:CharacterString>
      </positionName>
      <contactInfo>
        <CI_Contact>
          <address>
            <CI_Address>
              <deliveryPoint>
                <gco:CharacterString>Newman Library, Baruch CUNY</gco:CharacterString>
              </deliveryPoint>
              <deliveryPoint>
                <gco:CharacterString>151 E 25th St Box H-0520</gco:CharacterString>
              </deliveryPoint>
              <city>
                <gco:CharacterString>New York</gco:CharacterString>
              </city>
              <administrativeArea>
                <gco:CharacterString>NY</gco:CharacterString>
              </administrativeArea>
              <postalCode>
                <gco:CharacterString>10010</gco:CharacterString>
              </postalCode>
              <country>
                <Country codeList="http://www.iso.org/iso/country_codes/iso_3166_code_lists.htm" codeListValue="US" codeSpace="ISO3166-1">US</Country>
              </country>
            </CI_Address>
          </address>
        </CI_Contact>
      </contactInfo>
      <role>
        <CI_RoleCode codeList="http://www.isotc211.org/2005/resources/Codelist/gmxCodelists.xml#CI_RoleCode" codeListValue="pointOfContact" codeSpace="ISOTC211/19115">pointOfContact</CI_RoleCode>
      </role>
    </CI_ResponsibleParty>
  </contact>
  <dateStamp>
    <gco:Date>2015-08-11</gco:Date>
  </dateStamp>
  <metadataStandardName>
    <gco:CharacterString>NAP - Metadata</gco:CharacterString>
  </metadataStandardName>
  <metadataStandardVersion>
    <gco:CharacterString>1.2</gco:CharacterString>
  </metadataStandardVersion>
  <dataSetURI>
    <gco:CharacterString>https://www.baruch.cuny.edu/confluence/display/geoportal/NYC+Geodatabase</gco:CharacterString>
  </dataSetURI>
  <spatialRepresentationInfo>
    <MD_VectorSpatialRepresentation>
      <topologyLevel>
        <MD_TopologyLevelCode codeList="http://www.isotc211.org/2005/resources/Codelist/gmxCodelists.xml#MD_TopologyLevelCode" codeListValue="geometryOnly" codeSpace="ISOTC211/19115">geometryOnly</MD_TopologyLevelCode>
      </topologyLevel>
      <geometricObjects>
        <MD_GeometricObjects>
          <geometricObjectType>
            <MD_GeometricObjectTypeCode codeList="http://www.isotc211.org/2005/resources/Codelist/gmxCodelists.xml#MD_GeometricObjectTypeCode" codeListValue="composite" codeSpace="ISOTC211/19115">composite</MD_GeometricObjectTypeCode>
          </geometricObjectType>
          <geometricObjectCount>
            <gco:Integer>2167</gco:Integer>
          </geometricObjectCount>
        </MD_GeometricObjects>
      </geometricObjects>
    </MD_VectorSpatialRepresentation>
  </spatialRepresentationInfo>
  <referenceSystemInfo>
    <MD_ReferenceSystem>
      <referenceSystemIdentifier>
        <RS_Identifier>
          <code>
            <gco:CharacterString>2263</gco:CharacterString>
          </code>
          <codeSpace>
            <gco:CharacterString>EPSG</gco:CharacterString>
          </codeSpace>
          <version>
            <gco:CharacterString>8.5</gco:CharacterString>
          </version>
        </RS_Identifier>
      </referenceSystemIdentifier>
    </MD_ReferenceSystem>
  </referenceSystemInfo>
  <identificationInfo>
    <MD_DataIdentification>
      <citation>
        <CI_Citation>
          <title>
            <gco:CharacterString>Census Tract Boundaries, New York NY, 2010</gco:CharacterString>
          </title>
          <alternateTitle>
            <gco:CharacterString>c_bndy_tracts</gco:CharacterString>
          </alternateTitle>
          <date>
            <CI_Date>
              <date>
                <gco:Date>2015-08-10</gco:Date>
              </date>
              <dateType>
                <CI_DateTypeCode codeList="http://www.isotc211.org/2005/resources/Codelist/gmxCodelists.xml#CI_DateTypeCode" codeListValue="publication" codeSpace="ISOTC211/19115">publication</CI_DateTypeCode>
              </dateType>
            </CI_Date>
          </date>
          <edition>
            <gco:CharacterString>aug2015</gco:CharacterString>
          </edition>
          <citedResponsibleParty>
            <CI_ResponsibleParty>
              <organisationName>
                <gco:CharacterString>Newman Library, Baruch CUNY</gco:CharacterString>
              </organisationName>
              <positionName>
                <gco:CharacterString>Geospatial Data Librarian</gco:CharacterString>
              </positionName>
              <contactInfo>
                <CI_Contact>
                  <address>
                    <CI_Address>
                      <deliveryPoint>
                        <gco:CharacterString>Newman Library, Baruch CUNY</gco:CharacterString>
                      </deliveryPoint>
                      <deliveryPoint>
                        <gco:CharacterString>151 E 25th St Box H-0520</gco:CharacterString>
                      </deliveryPoint>
                      <city>
                        <gco:CharacterString>New York</gco:CharacterString>
                      </city>
                      <administrativeArea>
                        <gco:CharacterString>NY</gco:CharacterString>
                      </administrativeArea>
                      <postalCode>
                        <gco:CharacterString>10010</gco:CharacterString>
                      </postalCode>
                      <country>
                        <Country codeList="http://www.iso.org/iso/country_codes/iso_3166_code_lists.htm" codeListValue="US" codeSpace="ISO3166-1">US</Country>
                      </country>
                    </CI_Address>
                  </address>
                </CI_Contact>
              </contactInfo>
              <role>
                <CI_RoleCode codeList="http://www.isotc211.org/2005/resources/Codelist/gmxCodelists.xml#CI_RoleCode" codeListValue="pointOfContact" codeSpace="ISOTC211/19115">pointOfContact</CI_RoleCode>
              </role>
            </CI_ResponsibleParty>
          </citedResponsibleParty>
          <presentationForm>
            <CI_PresentationFormCode codeList="http://www.isotc211.org/2005/resources/Codelist/gmxCodelists.xml#CI_PresentationFormCode" codeListValue="mapDigital" codeSpace="ISOTC211/19115">mapDigital</CI_PresentationFormCode>
          </presentationForm>
          <series>
            <CI_Series>
              <name>
                <gco:CharacterString>NYC Geodatabase</gco:CharacterString>
              </name>
            </CI_Series>
          </series>
        </CI_Citation>
      </citation>
      <abstract>
        <gco:CharacterString>This polygon layer is a subset of the Census TIGER census tract file, re-projected to local state plane. The content of this layer has not been modified from its original version, and contains official census tract boundaries. Tracts are statistical areas built from census blockgroups that are designed to have an ideal size of 4,000 residents, with range of 1,200 to 8,000. The unique ID is geoid; the FIPS state-county-tract number code. This layer was created as part of the NYC Geodatabase (NYC GDB) project, a resource designed for basic geographic analysis and thematic mapping within the five boroughs of New York City.</gco:CharacterString>
      </abstract>
      <purpose>
        <gco:CharacterString>This dataset is intended for researchers, policy makers, students, and educators for basic geographic analysis and thematic mapping purposes. It is appropriate for thematic and reference mapping at a city and county (borough) level and for thematic mapping at a sub-county (borough) level.</gco:CharacterString>
      </purpose>
      <status>
        <MD_ProgressCode codeList="http://www.isotc211.org/2005/resources/Codelist/gmxCodelists.xml#MD_ProgressCode" codeListValue="completed" codeSpace="ISOTC211/19115">completed</MD_ProgressCode>
      </status>
      <pointOfContact>
        <CI_ResponsibleParty>
          <organisationName>
            <gco:CharacterString>Newman Library, Baruch CUNY</gco:CharacterString>
          </organisationName>
          <positionName>
            <gco:CharacterString>Geospatial Data Librarian</gco:CharacterString>
          </positionName>
          <contactInfo>
            <CI_Contact>
              <address>
                <CI_Address>
                  <deliveryPoint>
                    <gco:CharacterString>Newman Library, Baruch CUNY</gco:CharacterString>
                  </deliveryPoint>
                  <deliveryPoint>
                    <gco:CharacterString>151 E 25th St Box H-0520</gco:CharacterString>
                  </deliveryPoint>
                  <city>
                    <gco:CharacterString>New York</gco:CharacterString>
                  </city>
                  <administrativeArea>
                    <gco:CharacterString>NY</gco:CharacterString>
                  </administrativeArea>
                  <postalCode>
                    <gco:CharacterString>10010</gco:CharacterString>
                  </postalCode>
                  <country>
                    <Country codeList="http://www.iso.org/iso/country_codes/iso_3166_code_lists.htm" codeListValue="US" codeSpace="ISO3166-1">US</Country>
                  </country>
                </CI_Address>
              </address>
            </CI_Contact>
          </contactInfo>
          <role>
            <CI_RoleCode codeList="http://www.isotc211.org/2005/resources/Codelist/gmxCodelists.xml#CI_RoleCode" codeListValue="pointOfContact" codeSpace="ISOTC211/19115">pointOfContact</CI_RoleCode>
          </role>
        </CI_ResponsibleParty>
      </pointOfContact>
      <resourceMaintenance>
        <MD_MaintenanceInformation>
          <maintenanceAndUpdateFrequency>
            <MD_MaintenanceFrequencyCode codeList="http://www.isotc211.org/2005/resources/Codelist/gmxCodelists.xml#MD_MaintenanceFrequencyCode" codeListValue="asNeeded" codeSpace="ISOTC211/19115">asNeeded</MD_MaintenanceFrequencyCode>
          </maintenanceAndUpdateFrequency>
          <maintenanceNote>
            <gco:CharacterString>This metadata record was originally created by Rachel Weinberg in Sept 2014.</gco:CharacterString>
          </maintenanceNote>
        </MD_MaintenanceInformation>
      </resourceMaintenance>
      <descriptiveKeywords>
        <MD_Keywords>
          <keyword>
            <gco:CharacterString>Bronx County, 36005, Kings County, 36047, New York County, 36081, Queens County, 36081, Richmond County, 36085</gco:CharacterString>
          </keyword>
          <type>
            <MD_KeywordTypeCode codeList="http://www.isotc211.org/2005/resources/Codelist/gmxCodelists.xml#MD_KeywordTypeCode" codeListValue="place" codeSpace="ISOTC211/19115">place</MD_KeywordTypeCode>
          </type>
          <thesaurusName>
            <CI_Citation>
              <title>
                <gco:CharacterString>US Census ANSI / FIPS</gco:CharacterString>
              </title>
              <alternateTitle>
                <gco:CharacterString>ANSI INCITS 38:2009 (Formerly FIPS 5-2) &amp; ANSI INCITS 31:2009 (Formerly FIPS 6-4)</gco:CharacterString>
              </alternateTitle>
              <date>
                <CI_Date>
                  <date>
                    <gco:Date>2009-01-01</gco:Date>
                  </date>
                  <dateType>
                    <CI_DateTypeCode codeList="http://www.isotc211.org/2005/resources/Codelist/gmxCodelists.xml#CI_DateTypeCode" codeListValue="publication" codeSpace="ISOTC211/19115">publication</CI_DateTypeCode>
                  </dateType>
                </CI_Date>
              </date>
              <citedResponsibleParty gco:nilReason="missing" />
            </CI_Citation>
          </thesaurusName>
        </MD_Keywords>
      </descriptiveKeywords>
      <descriptiveKeywords>
        <MD_Keywords>
          <keyword>
            <gco:CharacterString>City of New York, 2395220, Borough of Bronx, 978756, Borough of Brooklyn, 978759, Borough of Manhattan, 979190, Borough of Queens, 979404, Borough of Staten Island, 979522</gco:CharacterString>
          </keyword>
          <type>
            <MD_KeywordTypeCode codeList="http://www.isotc211.org/2005/resources/Codelist/gmxCodelists.xml#MD_KeywordTypeCode" codeListValue="place" codeSpace="ISOTC211/19115">place</MD_KeywordTypeCode>
          </type>
          <thesaurusName>
            <CI_Citation>
              <title>
                <gco:CharacterString>Geographic Names Information Service (GNIS)</gco:CharacterString>
              </title>
              <alternateTitle>
                <gco:CharacterString>ANSI INCITS 446:2008</gco:CharacterString>
              </alternateTitle>
              <date>
                <CI_Date>
                  <date>
                    <gco:Date>2008-01-01</gco:Date>
                  </date>
                  <dateType>
                    <CI_DateTypeCode codeList="http://www.isotc211.org/2005/resources/Codelist/gmxCodelists.xml#CI_DateTypeCode" codeListValue="publication" codeSpace="ISOTC211/19115">publication</CI_DateTypeCode>
                  </dateType>
                </CI_Date>
              </date>
              <citedResponsibleParty gco:nilReason="missing" />
            </CI_Citation>
          </thesaurusName>
        </MD_Keywords>
      </descriptiveKeywords>
      <descriptiveKeywords>
        <MD_Keywords>
          <keyword>
            <gco:CharacterString>2010</gco:CharacterString>
          </keyword>
          <type>
            <MD_KeywordTypeCode codeList="http://www.isotc211.org/2005/resources/Codelist/gmxCodelists.xml#MD_KeywordTypeCode" codeListValue="temporal" codeSpace="ISOTC211/19115">temporal</MD_KeywordTypeCode>
          </type>
        </MD_Keywords>
      </descriptiveKeywords>
      <descriptiveKeywords>
        <MD_Keywords>
          <keyword>
            <gco:CharacterString>U.S. Census Bureau, Census, Population geography</gco:CharacterString>
          </keyword>
          <type>
            <MD_KeywordTypeCode codeList="http://www.isotc211.org/2005/resources/Codelist/gmxCodelists.xml#MD_KeywordTypeCode" codeListValue="theme" codeSpace="ISOTC211/19115">theme</MD_KeywordTypeCode>
          </type>
          <thesaurusName>
            <CI_Citation>
              <title>
                <gco:CharacterString>Library of Congress Subject Headings</gco:CharacterString>
              </title>
              <date>
                <CI_Date>
                  <date>
                    <gco:Date>2014-09-25</gco:Date>
                  </date>
                  <dateType>
                    <CI_DateTypeCode codeList="http://www.isotc211.org/2005/resources/Codelist/gmxCodelists.xml#CI_DateTypeCode" codeListValue="publication" codeSpace="ISOTC211/19115">publication</CI_DateTypeCode>
                  </dateType>
                </CI_Date>
              </date>
              <citedResponsibleParty gco:nilReason="missing" />
            </CI_Citation>
          </thesaurusName>
        </MD_Keywords>
      </descriptiveKeywords>
      <descriptiveKeywords>
        <MD_Keywords>
          <keyword>
            <gco:CharacterString>Downloadable Data</gco:CharacterString>
          </keyword>
          <thesaurusName uuidref="723f6998-058e-11dc-8314-0800200c9a66" />
        </MD_Keywords>
      </descriptiveKeywords>
      <resourceConstraints>
        <MD_Constraints>
          <useLimitation>
            <gco:CharacterString>Disclaimer: Every effort was made to insure that the data, which was compiled from public sources, was processed accurately for inclusion in the NYC Geodatabase. The creator, Baruch College, and CUNY disclaim any liability for errors, inaccuracies, or omissions that may be contained therein or for any damages that may arise from the foregoing. Users should independently verify the accuracy of the data for their purposes. The data is licensed under a Creative Commons Attribution-NonCommercial-ShareAlike license CC BY-NC-SA http://creativecommons.org/licenses/by-nc-sa/4.0. You are free to share and to adapt the work as long as you cite the source, do not use it for commercial purposes, and release adaptations under the same license.</gco:CharacterString>
          </useLimitation>
        </MD_Constraints>
      </resourceConstraints>
      <resourceConstraints>
        <MD_Constraints>
          <useLimitation>
            <gco:CharacterString>Although this data is being distributed by Baruch College CUNY, no warranty expressed or implied is made by the College or University as to the accuracy of the data and related materials. The act of distribution shall not constitute any such warranty, and no responsibility is assumed by the College or University in the use of this data, or related materials</gco:CharacterString>
          </useLimitation>
        </MD_Constraints>
      </resourceConstraints>
      <resourceConstraints>
        <MD_LegalConstraints>
          <accessConstraints>
            <MD_RestrictionCode codeList="http://www.fgdc.gov/nap/metadata/register/codelists.html#napMD_RestrictionCode" codeListValue="licenseUnrestricted" codeSpace="ISOTC211/19139/NAP">licenseUnrestricted</MD_RestrictionCode>
          </accessConstraints>
          <useConstraints>
            <MD_RestrictionCode codeList="http://www.isotc211.org/2005/resources/Codelist/gmxCodelists.xml#MD_RestrictionCode" codeListValue="license" codeSpace="ISOTC211/19115">license</MD_RestrictionCode>
          </useConstraints>
        </MD_LegalConstraints>
      </resourceConstraints>
      <spatialRepresentationType>
        <MD_SpatialRepresentationTypeCode codeList="http://www.isotc211.org/2005/resources/Codelist/gmxCodelists.xml#MD_SpatialRepresentationTypeCode" codeListValue="vector" codeSpace="ISOTC211/19115">vector</MD_SpatialRepresentationTypeCode>
      </spatialRepresentationType>
      <language>
        <LanguageCode codeList="http://www.loc.gov/standards/iso639-2/php/code_list.php" codeListValue="eng" codeSpace="ISO639-2">eng</LanguageCode>
      </language>
      <characterSet>
        <MD_CharacterSetCode codeList="http://www.isotc211.org/2005/resources/Codelist/gmxCodelists.xml#MD_CharacterSetCode" codeListValue="utf8" codeSpace="ISOTC211/19115">utf8</MD_CharacterSetCode>
      </characterSet>
      <topicCategory>
        <MD_TopicCategoryCode>society</MD_TopicCategoryCode>
      </topicCategory>
      <topicCategory>
        <MD_TopicCategoryCode>boundaries</MD_TopicCategoryCode>
      </topicCategory>
      <environmentDescription>
        <gco:CharacterString>Microsoft Windows 7 Version 6.1 (Build 7601) Service Pack 1; Esri ArcGIS 10.2.0.3348</gco:CharacterString>
      </environmentDescription>
      <extent>
        <EX_Extent>
          <description>
            <gco:CharacterString>City of New York</gco:CharacterString>
          </description>
          <geographicElement>
            <EX_GeographicBoundingBox>
              <extentTypeCode>
                <gco:Boolean>true</gco:Boolean>
              </extentTypeCode>
              <westBoundLongitude>
                <gco:Decimal>-74.260728</gco:Decimal>
              </westBoundLongitude>
              <eastBoundLongitude>
                <gco:Decimal>-73.699469</gco:Decimal>
              </eastBoundLongitude>
              <southBoundLatitude>
                <gco:Decimal>40.477237</gco:Decimal>
              </southBoundLatitude>
              <northBoundLatitude>
                <gco:Decimal>40.917606</gco:Decimal>
              </northBoundLatitude>
            </EX_GeographicBoundingBox>
          </geographicElement>
          <temporalElement>
            <EX_TemporalExtent>
              <extent>
                <gml:TimePeriod gml:id="ID0EDGAC">
                  <gml:beginPosition>2010-04-01T00:00:00</gml:beginPosition>
                  <gml:endPosition>2020-03-31T00:00:00</gml:endPosition>
                </gml:TimePeriod>
              </extent>
            </EX_TemporalExtent>
          </temporalElement>
        </EX_Extent>
      </extent>
      <supplementalInformation>
        <gco:CharacterString>Tracts are statistical areas built from census blockgroups that are designed to have an ideal size of 4,000 residents with a range of 1,200 to 8,000. The fields 'awater' and 'aland' are the area of water and land respectively, in square feet. </gco:CharacterString>
      </supplementalInformation>
    </MD_DataIdentification>
  </identificationInfo>
  <distributionInfo>
    <MD_Distribution>
      <distributionFormat>
        <MD_Format>
          <name>
            <gco:CharacterString>Shapefile</gco:CharacterString>
          </name>
          <version gco:nilReason="missing" />
        </MD_Format>
      </distributionFormat>
      <distributor>
        <MD_Distributor>
          <distributorContact>
            <CI_ResponsibleParty>
              <organisationName>
                <gco:CharacterString>Newman Library, Baruch CUNY</gco:CharacterString>
              </organisationName>
              <positionName>
                <gco:CharacterString>Geospatial Data Librarian</gco:CharacterString>
              </positionName>
              <contactInfo>
                <CI_Contact>
                  <address>
                    <CI_Address>
                      <deliveryPoint>
                        <gco:CharacterString>Newman Library, Baruch CUNY</gco:CharacterString>
                      </deliveryPoint>
                      <deliveryPoint>
                        <gco:CharacterString>151 E 25th St Box H-0520</gco:CharacterString>
                      </deliveryPoint>
                      <city>
                        <gco:CharacterString>New York</gco:CharacterString>
                      </city>
                      <administrativeArea>
                        <gco:CharacterString>NY</gco:CharacterString>
                      </administrativeArea>
                      <postalCode>
                        <gco:CharacterString>10010</gco:CharacterString>
                      </postalCode>
                      <country>
                        <Country codeList="http://www.iso.org/iso/country_codes/iso_3166_code_lists.htm" codeListValue="US" codeSpace="ISO3166-1">US</Country>
                      </country>
                    </CI_Address>
                  </address>
                </CI_Contact>
              </contactInfo>
              <role>
                <CI_RoleCode codeList="http://www.isotc211.org/2005/resources/Codelist/gmxCodelists.xml#CI_RoleCode" codeListValue="pointOfContact" codeSpace="ISOTC211/19115">pointOfContact</CI_RoleCode>
              </role>
            </CI_ResponsibleParty>
          </distributorContact>
        </MD_Distributor>
      </distributor>
      <transferOptions>
        <MD_DigitalTransferOptions>
          <transferSize>
            <gco:Real>1.049</gco:Real>
          </transferSize>
        </MD_DigitalTransferOptions>
      </transferOptions>
    </MD_Distribution>
  </distributionInfo>
  <dataQualityInfo>
    <DQ_DataQuality>
      <scope>
        <DQ_Scope>
          <level>
            <MD_ScopeCode codeList="http://www.isotc211.org/2005/resources/Codelist/gmxCodelists.xml#MD_ScopeCode" codeListValue="dataset" codeSpace="ISOTC211/19115">dataset</MD_ScopeCode>
          </level>
        </DQ_Scope>
      </scope>
      <lineage>
        <LI_Lineage>
          <statement>
            <gco:CharacterString>This polygon layer is a subset of the Census TIGER census tract file, re-projected from NAD 83 to NAD 83 NY State Plane Long Island (ft-us). The content of this layer has not been modified from its original version present in the US Census TIGER Line Shapefiles, and contains official census tract boundaries. Tracts are statistical areas built from census blockgroups that are designed to have an ideal size of 4,000 residents, with range of 1,200 to 8,000. The unique ID is tractid; the FIPS state-county-tract number code. This layer was created as part of the NYC Geodatabase (NYC GDB) project, a resource designed for basic geographic analysis and thematic mapping within the five boroughs of New York City. </gco:CharacterString>
          </statement>
          <source>
            <LI_Source>
              <description>
                <gco:CharacterString>US Census 2012 TIGER Line Shapefiles</gco:CharacterString>
              </description>
              <sourceReferenceSystem>
                <MD_ReferenceSystem>
                  <referenceSystemIdentifier>
                    <RS_Identifier>
                      <code>
                        <gco:CharacterString>4269</gco:CharacterString>
                      </code>
                      <codeSpace>
                        <gco:CharacterString>EPSG</gco:CharacterString>
                      </codeSpace>
                      <version>
                        <gco:CharacterString>8.5</gco:CharacterString>
                      </version>
                    </RS_Identifier>
                  </referenceSystemIdentifier>
                </MD_ReferenceSystem>
              </sourceReferenceSystem>
              <sourceCitation>
                <CI_Citation>
                  <title>
                    <gco:CharacterString>US Census 2012 TIGER Line Shapefiles</gco:CharacterString>
                  </title>
                  <date>
                    <CI_Date>
                      <date>
                        <gco:Date>2012-08-17</gco:Date>
                      </date>
                      <dateType>
                        <CI_DateTypeCode codeList="http://www.isotc211.org/2005/resources/Codelist/gmxCodelists.xml#CI_DateTypeCode" codeListValue="publication" codeSpace="ISOTC211/19115">publication</CI_DateTypeCode>
                      </dateType>
                    </CI_Date>
                  </date>
                  <citedResponsibleParty gco:nilReason="missing" />
                </CI_Citation>
              </sourceCitation>
            </LI_Source>
          </source>
          <source>
            <LI_Source>
              <description>
                <gco:CharacterString>Baruch, CUNY, NYC Geodatabase (nyc_gdb)</gco:CharacterString>
              </description>
              <sourceReferenceSystem>
                <MD_ReferenceSystem>
                  <referenceSystemIdentifier>
                    <RS_Identifier>
                      <code>
                        <gco:CharacterString>2263</gco:CharacterString>
                      </code>
                      <codeSpace>
                        <gco:CharacterString>EPSG</gco:CharacterString>
                      </codeSpace>
                      <version>
                        <gco:CharacterString>8.5</gco:CharacterString>
                      </version>
                    </RS_Identifier>
                  </referenceSystemIdentifier>
                </MD_ReferenceSystem>
              </sourceReferenceSystem>
              <sourceCitation>
                <CI_Citation>
                  <title>
                    <gco:CharacterString>NYC Geodatabase aug2015</gco:CharacterString>
                  </title>
                  <alternateTitle>
                    <gco:CharacterString>nyc_gdb</gco:CharacterString>
                  </alternateTitle>
                  <date>
                    <CI_Date>
                      <date>
                        <gco:Date>2015-08-10</gco:Date>
                      </date>
                      <dateType>
                        <CI_DateTypeCode codeList="http://www.isotc211.org/2005/resources/Codelist/gmxCodelists.xml#CI_DateTypeCode" codeListValue="publication" codeSpace="ISOTC211/19115">publication</CI_DateTypeCode>
                      </dateType>
                    </CI_Date>
                  </date>
                  <citedResponsibleParty gco:nilReason="missing" />
                </CI_Citation>
              </sourceCitation>
            </LI_Source>
          </source>
        </LI_Lineage>
      </lineage>
    </DQ_DataQuality>
  </dataQualityInfo>
  <metadataConstraints>
    <MD_Constraints>
      <useLimitation>
        <gco:CharacterString>Metadata for this layer is licensed under a Creative Commons Attribution- NonCommercial license CC BY-NC http://creativecommons.org/licenses/by-nc/4.0. You are free to share and to adapt the metadata as long as you cite the source and do not use it for commercial purposes.</gco:CharacterString>
      </useLimitation>
    </MD_Constraints>
  </metadataConstraints>
  <metadataConstraints>
    <MD_LegalConstraints>
      <accessConstraints>
        <MD_RestrictionCode codeList="http://www.fgdc.gov/nap/metadata/register/codelists.html#napMD_RestrictionCode" codeListValue="licenseUnrestricted" codeSpace="ISOTC211/19139/NAP">licenseUnrestricted</MD_RestrictionCode>
      </accessConstraints>
      <useConstraints>
        <MD_RestrictionCode codeList="http://www.isotc211.org/2005/resources/Codelist/gmxCodelists.xml#MD_RestrictionCode" codeListValue="license" codeSpace="ISOTC211/19115">license</MD_RestrictionCode>
      </useConstraints>
    </MD_LegalConstraints>
  </metadataConstraints>
  <metadataMaintenance>
    <MD_MaintenanceInformation>
      <maintenanceAndUpdateFrequency>
        <MD_MaintenanceFrequencyCode codeList="http://www.isotc211.org/2005/resources/Codelist/gmxCodelists.xml#MD_MaintenanceFrequencyCode" codeListValue="asNeeded" codeSpace="ISOTC211/19115">asNeeded</MD_MaintenanceFrequencyCode>
      </maintenanceAndUpdateFrequency>
      <maintenanceNote>
        <gco:CharacterString>This metadata record was originally created by Rachel Weinberg in Sept 2014 and was updated by Frank Donnelly in Aug 2015.</gco:CharacterString>
      </maintenanceNote>
    </MD_MaintenanceInformation>
  </metadataMaintenance>
</MD_Metadata>